{
  "name": "s3-sink",
  "config": {
    "connector.class": "io.confluent.connect.s3.S3SinkConnector",
    "tasks.max": 1,
    "topics": "log-messages",
    "s3.region": "us-east-1",
    "s3.bucket.name": "distributed-logging",
    "s3.part.size": 5242880,
    "flush.size": 10000,
    "storage.class": "io.confluent.connect.s3.storage.S3Storage",
    "format.class": "io.confluent.connect.s3.format.json.JsonFormat",
    "schema.generator.class": "io.confluent.connect.storage.hive.schema.DefaultSchemaGenerator",
    "partitioner.class": "io.confluent.connect.storage.partitioner.TimeBasedPartitioner",
    "schema.compatibility": "NONE",
    "partition.duration.ms": 10000,
    "path.format": "YYYY/M/d/h",
    "locale": "US",
    "timezone": "UTC",
    "rotate.schedule.interval.ms": 60000
  }
}
